{"rouge1": 0.450548438711302, "rouge2": 0.26827342849837765, "rougeL": 0.3853422097166753}