{"rouge1": 0.4615384615384615, "rouge2": 0.0, "rougeL": 0.15384615384615383}