{"rouge1": 0.5511960683225678, "rouge2": 0.3132745332811139, "rougeL": 0.5072913793568803}