{"rouge1": 0.4500745462411012, "rouge2": 0.2761440263182944, "rougeL": 0.37317836158942197}