{"rouge1": 0.5246652726742087, "rouge2": 0.30912997199646475, "rougeL": 0.4821045242806709}