{"rouge1": 0.5223303812904432, "rouge2": 0.1768042627469218, "rougeL": 0.3938720054427084}