{"rouge1": 0.5453859868435755, "rouge2": 0.1841644532766274, "rougeL": 0.40121958037469185}