{"rouge1": 0.5442145205859261, "rouge2": 0.1855502109706958, "rougeL": 0.4056604694694439}