{"rouge1": 0.5417537319539083, "rouge2": 0.18676260790088461, "rougeL": 0.4086844669446915}