{"rouge1": 0.16591198379254313, "rouge2": 0.01268798471891402, "rougeL": 0.14096407932963378}