{"rouge1": 0.1563840861744401, "rouge2": 0.014025929974710359, "rougeL": 0.1337857553011078}