{"rouge1": 0.45281338855393277, "rouge2": 0.22110392955605707, "rougeL": 0.4162578703003825}