{"rouge1": 0.5223860968496166, "rouge2": 0.17689181963311104, "rougeL": 0.393815157870654}