{"rouge1": 0.20482757982757982, "rouge2": 0.03822055137844611, "rougeL": 0.20482757982757982}